{
  "asOf": "2026-04-03",
  "bm20Level": 570.10278,
  "bm20PrevLevel": 569.247888,
  "bm20PointChange": 0.854892,
  "bm20ChangePct": 0.0015017922791604743,
  "returns": {
    "1D": 0.0015017922791604743
  },
  "breadth": {
    "up": 12,
    "down": 8
  },
  "kimchi_premium_pct": 0.6565599824831678,
  "kimchi_meta": {
    "usdkrw": 1509.98,
    "btc_krw": 101518000.0,
    "btc_usd": 66792.82
  }
}