{
  "asOf": "2026-04-03",
  "bm20Level": 572.394847,
  "bm20PrevLevel": 569.247888,
  "bm20PointChange": 3.146959,
  "bm20ChangePct": 0.00552827441096615,
  "returns": {
    "1D": 0.00552827441096615
  },
  "breadth": {
    "up": 16,
    "down": 4
  },
  "kimchi_premium_pct": 0.4944372599426571,
  "kimchi_meta": {
    "usdkrw": 1507.48,
    "btc_krw": 101610000.0,
    "btc_usd": 67072.25
  }
}